{
    "extrinsic": {
        "baseline": 0.222598, 
        "pitch": 0.05, 
        "roll": 0.0, 
        "x": 1.7, 
        "y": -0.1, 
        "yaw": 0.007, 
        "z": 1.18
    }, 
    "intrinsic": {
        "fx": 2256.47, 
        "fy": 2219.6024040684233, 
        "u0": 1049.19, 
        "v0": 515.25
    }
}